,brand,processor_brand,processor_name,processor_gnrtn,ram_gb,ram_type,ssd,hdd,graphic_card_gb,warranty,Touchscreen,Price
0,1,1,1,1,4,1,0,1024,0,1,1,34649
1,2,1,1,1,4,1,0,1024,0,1,1,38999
2,2,1,1,1,4,1,0,1024,0,1,1,39999
3,1,1,2,1,8,1,512,0,2,1,1,69990
4,1,1,3,2,4,1,0,512,0,1,1,26990
5,1,1,3,2,4,1,0,512,0,1,1,22990
6,1,1,3,2,4,1,0,512,0,1,1,21990
7,1,1,2,1,8,1,0,1024,2,1,1,58799
8,2,1,2,1,4,1,0,1024,0,1,1,49999
9,3,2,4,1,4,1,0,512,4,1,1,59990
10,3,2,4,1,4,1,0,512,6,1,1,93700
11,3,2,4,1,4,1,0,512,4,1,1,72990
12,4,1,3,2,4,1,0,512,0,1,1,17490
14,1,1,1,3,4,1,256,0,0,1,1,35990
15,5,1,1,3,8,1,256,0,0,2,2,56490
16,5,1,2,3,8,1,256,0,0,2,1,65390
17,2,1,3,2,4,1,256,0,0,1,1,31999
18,5,1,3,2,8,1,256,0,0,1,1,32490
19,2,1,3,2,4,1,256,0,0,1,1,31799
20,1,1,3,2,4,1,256,0,0,1,1,29890
21,1,1,3,2,4,1,0,1024,0,2,1,23990
22,5,1,1,4,4,1,0,1024,0,1,1,32955
23,5,1,2,4,4,1,0,1024,2,1,1,46200
24,1,1,1,3,4,1,256,0,0,1,1,34429
25,2,1,1,1,8,1,256,0,0,3,1,37990
26,1,1,1,3,4,1,256,0,0,2,1,35990
27,1,1,1,1,8,1,256,0,0,1,1,33980
28,5,1,1,3,8,1,256,0,0,2,1,39990
29,6,1,1,1,8,1,256,0,0,2,1,39490
30,5,1,1,3,8,1,256,0,0,2,2,53990
31,3,1,1,3,8,1,256,0,0,2,1,38990
32,1,1,1,3,8,1,256,0,0,2,1,37990
33,1,1,1,3,8,1,256,0,0,2,1,37890
34,2,1,1,3,8,1,256,0,0,2,1,38990
35,2,1,1,1,8,1,256,0,0,1,1,37990
36,6,1,1,3,8,1,256,0,0,2,1,41990
37,1,1,1,3,8,1,256,0,0,2,1,45990
38,2,1,1,3,8,1,256,0,0,2,1,39990
39,6,1,1,3,8,1,256,0,0,1,1,42490
40,6,1,1,1,4,1,256,0,0,2,1,36990
41,2,1,1,3,8,1,256,0,0,2,2,53990
42,1,1,1,3,8,1,256,0,0,1,1,36990
43,2,1,1,1,4,1,256,0,0,3,1,38940
44,6,1,1,1,4,1,256,0,0,2,1,39490
46,2,1,1,1,8,1,256,0,0,3,1,39999
47,6,1,1,3,8,1,256,0,0,2,1,42990
48,6,1,1,3,8,1,256,0,0,2,2,49990
49,6,1,1,3,8,1,256,0,0,2,1,41490
50,6,1,1,3,8,1,256,0,0,1,1,41990
51,2,1,1,3,8,1,256,0,0,2,1,41990
52,1,1,1,3,8,1,256,0,0,2,1,38490
53,2,1,1,3,4,1,256,0,0,2,1,38990
54,2,1,1,3,4,1,256,0,0,2,1,44990
55,2,1,1,1,4,1,256,0,0,1,1,36490
56,2,1,1,1,8,1,256,0,0,1,1,38970
57,5,1,1,3,4,1,256,0,0,2,1,44900
58,7,1,1,1,4,1,256,0,0,1,1,38990
59,6,1,1,3,4,1,256,0,0,1,1,44427
60,1,1,1,1,4,1,256,0,0,2,1,35990
61,2,1,1,1,4,1,256,0,0,2,1,40200
62,2,1,1,1,4,1,256,0,0,1,1,40990
63,6,1,1,1,4,1,256,0,0,2,1,42490
64,3,1,3,2,4,1,0,512,0,1,1,23990
65,6,1,1,3,4,1,256,0,0,1,2,71999
66,1,1,1,3,4,1,256,0,0,2,1,39990
67,2,1,1,1,4,1,256,0,0,2,1,41998
68,1,1,1,3,4,1,256,0,0,1,1,41990
69,2,1,1,1,4,1,256,0,0,3,1,39999
70,1,1,1,1,4,1,256,0,0,1,1,39990
71,2,1,1,3,4,1,256,0,0,1,1,39998
72,5,1,1,3,4,1,256,0,0,2,1,42490
73,2,1,1,1,4,1,256,0,0,1,1,41990
74,1,1,1,3,4,1,256,0,0,1,1,48490
75,5,1,1,3,4,1,256,0,0,2,1,44376
76,6,1,1,3,4,1,256,0,0,1,1,43900
77,6,1,1,3,4,1,256,0,0,2,1,46690
78,2,1,1,1,4,1,256,0,0,1,1,40990
79,6,1,1,1,4,1,256,0,0,2,1,39990
80,2,1,1,3,4,1,256,0,0,1,1,43990
81,1,1,1,3,4,1,256,0,0,2,1,36990
82,6,1,1,3,8,1,256,0,0,2,1,48500
83,1,1,1,3,8,1,256,0,0,1,1,48990
84,1,1,3,2,4,2,0,512,0,1,1,23490
85,5,1,1,5,4,1,256,0,0,2,2,54238
86,1,1,1,1,8,1,512,0,0,2,1,37990
87,5,1,1,3,8,1,512,0,0,2,1,42990
88,5,1,1,3,8,1,512,0,0,2,1,42990
89,1,1,1,1,4,1,512,0,0,2,1,35990
90,1,1,1,3,8,1,512,0,0,2,1,42990
91,1,1,1,3,8,3,512,0,0,2,2,51990
92,1,1,1,3,8,1,512,0,0,2,1,48990
93,1,1,1,3,8,1,512,0,0,2,1,42990
94,2,1,1,1,8,1,512,0,0,2,1,38990
95,6,1,1,3,8,1,512,0,0,1,1,45990
96,5,1,1,1,8,1,512,0,0,2,1,42490
97,5,1,1,3,8,1,512,0,0,2,1,43970
98,1,1,1,1,4,1,512,0,0,2,1,39990
99,7,1,1,3,8,1,512,0,0,1,1,48990
100,5,1,1,3,8,1,512,0,0,2,1,54990
101,7,1,1,1,8,1,512,0,0,1,1,40990
102,1,1,1,3,8,1,512,0,0,2,1,41990
103,2,1,1,3,8,1,512,0,0,2,2,54990
104,1,1,1,3,8,1,512,0,0,2,1,44990
105,5,1,1,3,8,1,512,0,0,2,1,41250
106,5,1,1,3,8,1,512,0,0,1,1,44990
107,1,1,1,3,8,1,512,0,0,2,1,42990
108,6,1,1,3,8,1,512,0,0,2,2,60790
109,5,1,1,3,8,1,512,0,0,1,1,45650
110,6,1,1,1,8,1,512,0,0,2,1,41990
111,6,1,1,1,8,1,512,0,0,2,1,45490
112,1,1,1,3,8,1,512,0,0,2,1,44990
113,2,1,1,3,8,1,512,0,0,3,1,42990
114,5,1,1,3,4,1,512,0,0,2,1,45490
115,5,1,1,1,4,1,512,0,0,1,1,38799
116,5,1,1,3,4,1,512,0,0,2,2,69267
117,1,1,1,3,4,1,512,0,0,2,1,51649
118,5,1,1,3,4,1,512,0,0,2,1,47990
119,1,1,1,1,4,1,512,0,0,2,1,40990
120,1,1,1,1,4,1,512,0,0,2,1,42990
121,1,1,1,3,4,1,512,0,0,2,1,44890
122,1,1,1,1,4,1,512,0,0,2,1,41490
123,5,1,1,3,4,1,512,0,0,2,1,50990
124,5,1,1,3,4,1,512,0,0,2,1,48900
126,6,1,1,1,4,1,512,0,0,1,1,41790
127,2,1,1,3,4,1,512,0,0,2,2,57999
128,6,1,1,3,8,1,512,0,0,1,1,45930
129,5,1,1,3,8,1,512,0,0,2,2,55490
130,1,1,1,1,8,1,0,1024,0,2,1,32890
131,2,1,1,1,8,1,0,1024,0,2,1,35990
132,6,1,1,3,8,1,0,1024,0,1,1,42490
133,6,1,1,3,8,1,0,1024,0,1,1,42190
134,6,1,1,1,8,1,0,1024,0,2,1,39490
135,5,1,1,3,8,1,0,1024,0,2,1,43690
136,1,1,1,1,4,1,0,1024,0,2,1,35990
137,6,1,1,3,8,1,0,1024,0,1,1,43800
138,2,1,1,1,8,1,0,1024,0,1,1,38990
139,1,1,1,1,4,1,0,1024,0,2,1,34990
140,1,1,1,3,8,1,0,1024,0,2,1,38900
141,6,1,1,1,4,1,0,1024,0,2,1,39990
142,6,1,1,1,4,1,0,1024,0,1,1,40890
143,2,1,1,1,4,1,0,1024,0,2,1,36990
144,5,1,1,3,4,1,0,1024,0,2,1,39990
145,5,1,1,3,4,1,0,1024,0,2,1,41990
146,6,1,1,3,4,1,0,1024,0,1,1,43970
147,5,1,1,3,4,1,0,1024,0,2,1,39790
148,1,1,1,1,4,1,0,1024,0,1,1,35590
149,5,1,1,1,4,1,0,1024,0,2,1,36490
150,1,1,1,1,4,1,0,1024,0,2,1,38990
151,1,1,1,1,4,1,0,1024,0,1,1,33990
152,6,1,1,1,4,1,0,1024,0,2,1,43400
153,1,1,3,2,4,2,0,512,0,1,1,24990
154,5,1,1,1,4,1,0,1024,0,2,1,40750
155,6,1,1,1,4,1,0,1024,0,2,1,43000
156,1,1,1,1,4,1,0,1024,0,1,1,38000
157,6,1,1,3,8,1,0,1024,0,2,1,37990
158,5,1,1,4,8,1,0,1024,2,1,1,49279
159,2,1,1,1,8,1,0,1024,0,1,1,38999
160,1,1,1,3,8,1,0,1024,0,1,1,41500
161,3,1,1,3,4,1,0,1024,0,1,1,36999
162,6,1,1,3,8,1,0,1024,0,1,1,42900
163,1,1,3,2,4,2,0,512,0,1,1,21490
164,6,1,1,3,8,1,0,1024,0,1,1,41480
165,1,1,1,1,8,1,0,1024,0,1,1,32990
166,1,1,1,3,8,1,0,1024,0,2,1,38680
167,1,1,3,2,4,2,0,512,0,1,1,23990
168,6,1,1,1,8,1,0,1024,0,1,1,40390
169,1,1,1,1,4,1,0,1024,0,1,1,33990
170,1,1,3,2,4,2,0,512,0,1,1,20490
171,6,1,1,1,8,1,256,1024,0,2,1,41490
172,6,1,1,3,8,1,256,1024,0,1,1,45490
173,6,1,1,3,8,1,256,1024,0,1,1,44490
174,1,1,1,3,8,1,256,1024,0,2,1,41890
175,6,1,1,3,4,1,256,1024,0,2,1,42990
176,3,1,1,3,8,1,256,1024,0,1,1,40990
177,6,1,1,3,8,1,256,1024,0,2,1,48990
178,6,1,1,3,4,1,256,1024,0,2,1,43590
179,6,1,1,1,4,1,256,1024,0,2,1,44690
180,1,1,1,1,4,1,256,1024,0,1,1,40990
181,6,1,1,3,4,1,256,1024,0,2,1,43990
183,6,1,1,1,4,1,256,1024,0,2,1,41390
184,6,1,1,1,4,1,256,1024,0,2,1,44290
185,6,1,1,3,4,1,256,1024,0,2,1,48999
186,6,1,1,3,4,1,256,1024,0,2,1,39990
187,6,1,1,1,8,1,256,1024,0,1,1,46390
188,1,1,3,2,4,2,0,512,0,1,1,18990
189,1,1,3,2,4,2,0,512,0,1,1,17990
190,5,1,3,2,4,1,0,512,0,1,1,26470
191,5,1,3,2,4,1,0,512,0,1,1,27990
192,2,1,3,2,4,1,0,1024,0,1,1,29999
193,2,1,3,2,4,3,0,512,0,1,1,25990
194,2,1,3,2,4,2,0,512,0,1,1,16990
195,2,1,3,2,4,2,0,512,0,1,1,24990
196,3,1,2,2,8,4,0,512,4,1,1,50990
197,3,1,2,2,8,2,0,512,0,2,1,119990
198,3,1,2,1,8,2,0,512,0,1,1,94190
199,1,1,2,1,8,2,0,512,4,1,1,106167
200,6,1,2,1,8,2,0,512,4,2,1,68090
201,6,1,2,1,8,2,0,512,0,2,1,139990
202,5,1,2,1,8,2,0,512,0,1,1,55990
203,5,1,2,1,8,2,0,512,4,1,1,102551
204,2,1,2,1,8,2,0,512,2,1,1,46990
205,5,1,2,5,8,1,128,0,0,2,1,76012
206,2,1,2,3,8,1,256,0,0,3,1,49490
207,3,1,2,4,8,5,256,0,0,2,1,86867
208,1,1,2,3,8,1,256,0,0,2,1,48990
209,6,1,2,3,8,1,256,0,0,1,1,55990
210,3,1,2,5,8,5,256,0,0,2,2,81998
211,5,1,2,5,8,1,256,0,0,2,2,136590
212,3,1,2,5,8,1,256,0,0,2,1,59490
213,1,1,2,3,8,1,256,0,0,2,1,49800
214,2,1,2,3,8,1,256,0,0,2,1,61999
215,5,1,2,3,8,1,512,0,0,1,1,54990
216,5,1,2,3,8,1,512,0,0,2,1,53990
217,2,1,2,3,8,1,512,0,0,3,1,52990
218,5,1,2,3,16,1,512,0,0,2,1,67990
219,1,1,2,1,8,1,512,0,4,2,1,57990
220,2,1,2,3,16,1,512,0,0,2,1,62300
221,2,1,2,3,8,1,512,0,0,2,1,52990
222,2,1,2,3,8,1,512,0,0,3,1,51990
223,2,1,2,3,16,1,512,0,0,1,1,61990
224,1,1,2,3,8,3,512,0,0,2,2,63990
225,2,1,2,3,8,1,512,0,0,2,1,65990
226,3,1,2,3,8,1,512,0,0,2,1,52990
227,2,1,2,1,8,1,512,0,0,2,1,49990
228,1,1,2,3,8,1,512,0,4,1,1,71990
229,1,1,2,1,8,1,512,0,0,2,1,47990
230,2,1,2,1,8,1,512,0,0,3,1,48490
231,1,1,2,3,8,1,512,0,4,1,1,72990
232,7,1,2,3,16,1,512,0,4,3,1,76990
233,1,1,2,3,16,1,512,0,6,2,1,89990
234,7,1,2,1,8,1,512,0,4,3,1,59990
235,1,1,2,1,8,1,512,0,4,2,1,65990
236,6,1,2,3,8,1,512,0,0,1,2,71990
237,6,1,2,3,8,1,512,0,0,1,2,71890
238,2,1,2,3,16,1,512,0,0,1,1,64990
239,1,1,2,3,16,1,512,0,0,2,1,65990
240,5,1,2,3,8,1,512,0,0,1,1,55999
241,1,1,2,3,16,1,512,0,4,2,1,73490
242,5,1,2,3,16,1,512,0,0,2,1,74490
243,5,1,2,3,8,1,512,0,0,2,1,58340
244,3,1,2,3,8,1,512,0,0,2,1,55999
245,6,1,2,3,16,1,512,0,0,1,1,67990
246,1,1,2,3,16,1,512,0,0,2,1,59990
247,1,1,2,3,16,1,512,0,6,2,1,82990
248,6,1,2,3,8,1,512,0,2,2,1,64190
249,6,1,2,3,16,1,512,0,0,1,1,70090
250,1,1,2,1,8,1,512,0,2,2,1,49990
251,7,1,2,3,8,1,512,0,0,1,1,55490
252,5,1,2,3,8,3,512,0,0,1,2,97990
253,1,1,2,6,8,1,512,0,4,2,1,54990
254,2,1,2,3,8,1,512,0,0,2,1,59990
255,2,1,2,3,8,1,512,0,0,2,1,53990
256,5,1,2,3,16,1,512,0,0,2,1,66999
257,3,1,2,3,8,3,512,0,0,2,1,60990
258,1,1,2,1,8,1,512,0,0,2,1,47990
259,5,1,2,3,8,1,512,0,0,2,1,59999
260,6,1,2,1,16,1,512,0,4,2,1,79990
261,1,1,2,1,8,1,512,0,4,2,1,63990
262,5,1,2,3,8,1,512,0,0,2,1,63990
263,1,1,2,3,16,1,512,0,0,2,1,59990
264,2,1,2,3,8,1,512,0,0,2,1,55990
266,5,1,2,3,8,1,512,0,0,2,1,63990
267,6,1,2,3,16,1,512,0,2,2,1,69490
268,6,1,2,3,16,1,512,0,0,2,2,89390
269,1,1,2,3,8,3,512,0,0,1,1,74990
270,2,1,2,3,8,1,512,0,0,4,2,64990
271,2,1,2,1,8,1,512,0,4,2,1,66490
272,6,1,2,3,16,1,512,0,2,2,1,89702
273,2,1,2,3,16,1,512,0,2,2,1,70990
274,1,1,2,3,16,1,512,0,0,2,2,58990
275,2,1,2,1,8,1,512,0,2,2,1,57500
276,6,1,2,3,8,1,512,0,2,2,2,79990
277,7,1,2,1,8,1,512,0,0,1,1,56541
278,1,1,2,3,16,1,512,0,0,1,1,59990
279,2,1,2,3,16,1,512,0,0,2,1,64990
280,6,1,2,3,8,1,512,0,0,2,1,61290
281,2,1,2,3,8,1,512,0,0,2,1,54990
282,2,1,2,3,8,1,512,0,0,2,1,59990
283,1,1,2,3,8,1,512,0,6,2,1,84990
284,5,1,2,3,8,1,512,0,0,2,1,72500
285,2,1,2,3,8,1,512,0,4,1,1,59990
286,2,1,2,3,8,1,512,0,0,2,2,87990
287,5,1,2,3,8,1,512,0,0,1,1,57990
288,6,1,2,3,8,1,512,0,0,2,1,69490
289,2,1,2,3,8,1,512,0,0,4,2,68990
290,2,1,2,3,8,1,512,0,0,2,1,77990
291,1,1,2,3,8,3,512,0,0,2,2,105990
292,7,1,2,3,8,3,512,0,0,2,1,79990
293,6,1,2,3,8,1,512,0,0,2,1,55490
294,2,1,2,3,8,1,512,0,0,2,1,69990
295,1,1,2,3,8,1,512,0,0,2,2,84990
296,6,1,2,3,8,1,512,0,0,1,1,59990
297,6,1,2,1,8,3,512,0,0,2,1,111890
298,6,1,2,3,8,1,512,0,2,2,1,65990
299,1,1,2,3,8,3,512,0,0,2,1,72990
300,6,1,2,3,8,1,512,0,0,2,1,71090
301,7,1,2,3,8,1,512,0,4,3,1,74990
302,1,1,2,1,8,6,512,0,0,2,1,79990
303,7,1,2,3,8,1,512,0,0,2,1,55490
304,6,1,2,3,8,1,512,0,2,2,1,66490
305,1,1,2,3,8,1,512,0,0,2,1,53400
306,6,1,2,3,8,1,512,0,0,2,2,74500
307,6,1,2,3,8,3,512,0,0,2,1,114990
308,6,1,2,3,8,1,512,0,2,1,1,61990
309,8,1,2,1,8,3,512,0,0,2,1,159990
310,8,1,2,5,8,5,512,0,0,2,1,172090
311,7,1,2,3,8,1,512,0,4,1,1,74990
312,7,1,2,1,8,1,512,0,0,2,1,56490
313,2,1,2,1,8,1,512,0,0,4,1,147000
314,2,1,2,3,8,1,512,0,0,2,1,55990
315,5,1,2,3,8,1,512,0,4,2,1,77990
316,5,1,2,1,8,1,512,0,4,2,1,106490
317,2,1,2,3,8,1,512,0,2,2,1,70990
318,2,1,2,3,8,1,512,0,0,2,1,64990
319,3,1,2,3,8,1,512,0,0,2,1,57990
320,1,1,2,1,8,1,512,0,4,2,1,64990
321,7,1,2,1,8,1,512,0,0,2,1,54990
322,5,1,2,3,8,3,512,0,0,1,2,111999
323,2,1,2,1,8,3,512,0,2,2,1,70798
324,2,1,2,6,8,1,512,0,4,1,1,59990
325,3,1,2,5,8,1,512,0,4,2,1,99500
326,5,1,2,1,8,1,512,0,0,2,1,55990
327,1,1,2,5,8,6,512,0,0,2,1,72990
328,3,1,2,5,8,5,512,0,0,2,1,64990
329,1,1,2,3,8,1,512,0,0,1,1,57990
330,5,1,2,3,8,1,512,0,2,2,2,76990
331,2,1,2,3,8,1,512,0,0,3,1,62998
332,6,1,2,3,8,1,512,0,0,2,2,77990
333,5,1,2,1,8,1,512,0,0,2,2,114990
334,6,1,2,1,8,1,512,0,2,2,1,65990
335,6,1,2,3,8,1,512,0,2,2,1,88990
336,2,1,2,1,8,1,512,0,0,1,1,113590
337,1,1,2,3,8,3,512,0,0,2,2,73990
338,5,1,2,3,8,1,512,0,0,2,1,61000
339,1,1,2,3,8,3,512,0,0,2,2,99990
340,2,1,2,3,8,1,512,0,0,2,1,67990
341,6,1,2,3,8,1,512,0,0,2,2,70799
342,2,1,2,3,8,1,512,0,0,2,1,65990
343,1,1,2,5,8,1,512,0,0,2,1,53690
344,7,1,2,3,8,1,512,0,0,2,1,55990
345,1,1,2,3,8,1,512,0,0,2,1,53190
346,2,1,2,1,8,1,512,0,2,3,1,58999
347,6,1,2,3,8,1,512,0,2,4,1,71990
348,5,1,2,3,8,1,512,0,4,1,1,82000
349,1,1,2,3,8,3,512,0,0,1,1,84990
350,2,1,2,3,8,1,512,0,2,1,1,89998
351,1,1,2,3,8,3,512,0,0,2,2,99990
353,2,1,2,1,8,1,512,0,4,1,1,69899
354,6,1,2,1,8,1,512,0,4,2,1,79990
355,6,1,2,1,8,1,512,0,4,2,1,76300
356,2,1,2,1,8,1,512,0,0,2,1,55999
357,6,1,2,3,8,1,512,0,0,1,1,72900
358,6,1,2,3,8,1,512,0,0,2,2,73990
359,1,1,2,3,8,2,512,0,0,1,1,84990
360,6,1,2,3,8,1,512,0,2,1,1,73519
361,5,1,2,1,8,1,512,0,0,2,2,126000
362,1,1,2,3,8,1,512,0,6,2,1,88990
363,5,1,2,3,8,1,512,0,0,2,2,114999
364,6,1,2,3,8,1,512,0,2,2,2,82990
365,3,1,2,3,8,1,512,0,0,1,2,109999
366,2,1,2,3,8,1,512,0,0,2,2,82990
367,6,1,2,3,8,1,512,0,2,2,2,79990
368,1,1,2,3,8,3,512,0,0,2,2,114990
369,5,1,2,3,8,3,512,0,0,2,2,129999
370,7,1,2,5,8,4,512,0,6,1,1,149990
371,6,1,2,3,8,1,512,0,2,1,1,71290
372,6,1,2,1,8,1,512,0,0,2,1,79500
373,6,1,2,1,8,1,512,0,2,2,1,82990
374,6,1,2,3,8,1,512,0,2,2,1,70980
376,5,1,2,3,8,1,512,0,0,1,1,94000
377,6,1,2,3,8,1,512,0,2,1,2,82990
378,7,1,2,3,8,3,512,0,0,2,1,79990
379,1,1,2,5,8,1,512,0,0,1,1,85990
380,1,1,2,1,8,1,512,0,2,1,1,86990
381,1,1,2,1,8,6,512,0,2,2,1,105990
382,1,1,2,1,8,6,512,0,0,1,1,84990
383,2,1,2,5,8,1,512,0,2,2,1,59999
384,2,1,2,3,8,1,512,0,0,2,1,91999
385,6,1,2,3,8,1,512,0,0,2,2,78900
386,1,1,2,1,8,6,512,0,0,1,1,132790
387,2,1,2,3,8,1,512,0,4,1,1,60990
388,4,1,2,4,8,1,512,0,0,1,1,65556
389,6,1,2,3,16,1,512,0,0,1,1,70190
390,6,1,2,3,8,1,512,0,2,2,2,79590
392,1,1,2,3,8,1,512,0,4,2,1,76990
394,4,1,2,5,8,1,512,0,0,1,1,44990
395,1,1,2,3,8,1,512,0,0,2,2,84990
396,2,1,2,1,8,1,512,0,2,2,2,86999
397,5,1,2,3,16,1,512,0,2,2,1,78000
398,4,1,2,5,8,1,512,0,0,1,1,73063
400,5,1,2,3,16,1,512,0,4,2,1,100990
401,2,1,2,5,8,1,512,0,0,2,1,74990
402,1,1,2,1,8,1,512,0,4,1,1,75990
403,2,1,2,3,8,1,512,0,2,2,1,84086
404,1,1,2,3,8,1,1024,0,4,1,1,75990
405,1,1,2,3,8,1,1024,0,4,2,1,77990
406,1,1,2,1,8,1,1024,0,4,2,1,77990
407,8,1,2,1,16,3,1024,0,0,2,1,179990
408,8,1,2,1,16,3,1024,0,0,2,1,179990
409,1,1,2,1,8,1,1024,0,4,1,1,82990
410,1,1,2,3,8,1,1024,0,4,2,1,87990
411,1,1,2,3,8,1,1024,0,4,1,1,84500
412,6,1,2,3,8,3,1024,0,0,1,1,74190
413,2,1,2,3,8,1,1024,0,0,2,1,64990
414,2,1,2,1,8,1,512,512,0,4,2,155411
415,2,1,2,1,8,1,512,512,0,4,2,125394
416,3,1,2,3,8,1,0,1024,0,1,1,49990
417,3,1,2,3,8,1,0,1024,0,2,1,46990
418,6,1,2,3,8,1,0,1024,0,2,1,48990
419,3,1,2,5,8,1,0,1024,2,2,1,59999
420,1,1,2,1,8,1,0,1024,0,2,1,46990
421,7,1,2,1,8,1,0,1024,4,3,1,52990
422,2,1,2,4,8,1,0,1024,2,1,1,57999
423,2,1,2,7,8,5,0,1024,0,1,1,52490
424,2,1,2,5,8,1,0,1024,4,2,1,56990
425,3,1,2,5,8,1,0,1024,2,2,1,61990
426,6,1,2,3,8,1,0,1024,0,1,1,58090
427,1,1,2,1,8,1,0,1024,0,1,1,56990
428,3,1,2,5,8,1,0,1024,0,2,1,61597
429,1,1,2,5,8,1,0,1024,0,1,1,81990
430,1,1,2,1,8,1,0,1024,0,1,1,61249
431,6,1,2,3,8,1,0,1024,0,1,1,58990
432,1,1,2,1,8,1,0,1024,2,1,1,83990
433,7,1,2,1,8,2,0,512,6,1,1,291190
434,7,1,2,1,8,2,0,512,6,1,1,145990
435,7,1,2,1,8,2,0,512,8,1,1,179990
436,5,1,2,5,8,1,0,1024,2,2,1,64990
437,5,1,2,5,8,1,0,1024,0,2,1,46790
438,5,1,2,4,4,1,0,1024,0,2,1,44599
439,3,1,2,5,8,1,0,1024,2,2,1,72964
440,5,1,2,1,8,1,0,1024,0,2,1,48790
441,3,1,2,1,8,1,0,1024,2,2,1,56491
442,1,1,2,3,8,1,256,1024,0,2,1,50990
443,1,1,2,1,8,1,256,1024,4,1,1,55990
444,3,1,2,3,8,1,256,1024,0,2,1,57990
445,1,1,2,3,8,1,256,1024,0,2,1,52990
446,6,1,2,3,8,1,256,1024,0,2,1,57990
447,3,1,2,3,8,1,256,1024,0,2,1,56990
448,3,1,2,3,8,1,256,1024,0,1,1,55490
449,6,1,2,3,8,1,256,1024,2,2,1,62490
450,1,1,2,3,16,1,256,1024,0,2,1,64990
451,2,1,2,3,8,1,256,1024,2,2,1,59990
452,1,1,2,3,8,1,256,1024,2,2,1,60190
453,1,1,2,6,8,1,256,1024,4,1,1,54490
454,2,1,2,6,8,1,256,1024,4,2,1,60990
455,6,1,2,3,4,1,256,1024,0,2,1,55790
456,1,1,2,3,16,1,256,1024,0,2,1,64990
457,1,1,2,3,16,1,256,1024,0,1,1,58990
458,6,1,2,3,8,1,256,1024,0,2,1,54990
459,5,1,2,3,8,1,256,1024,4,2,1,71990
460,6,1,2,3,8,1,256,1024,2,2,1,69900
461,2,1,2,3,8,1,256,1024,2,2,1,65990
462,1,1,2,3,8,1,256,1024,0,2,1,49990
463,6,1,2,3,8,1,256,1024,0,2,1,58990
464,2,1,2,1,8,1,256,1024,4,1,1,74590
465,1,1,2,1,8,1,256,1024,2,1,1,58990
466,1,1,2,3,8,1,256,1024,0,2,1,64990
467,6,1,2,3,8,1,256,1024,2,1,1,66490
468,6,1,2,1,8,1,256,1024,4,1,1,77900
469,6,1,2,3,8,1,256,1024,2,1,1,67490
470,6,1,2,3,8,1,256,1024,0,2,1,61990
471,6,1,2,3,8,1,256,1024,0,2,1,58990
472,2,1,2,1,8,1,256,1024,4,1,1,74999
473,1,1,2,3,8,1,256,1024,0,2,1,68900
474,6,1,2,3,8,1,256,1024,2,1,1,71695
475,3,1,2,3,16,1,256,1024,0,1,1,62490
476,6,1,2,5,8,1,0,2048,2,2,1,62317
477,7,1,2,1,8,2,0,512,8,1,1,207290
478,6,1,5,5,16,1,256,0,4,2,1,87990
479,4,1,5,5,8,1,256,0,0,1,1,73990
485,1,1,5,1,16,1,512,0,0,2,1,57990
486,1,1,5,1,8,1,512,0,4,1,1,61990
487,7,1,5,1,16,1,512,0,4,3,1,79990
488,2,1,5,1,8,1,512,0,4,2,1,68990
489,2,1,5,3,16,1,512,0,0,2,2,85990
490,2,1,5,3,16,1,512,0,4,2,1,99990
491,1,1,5,3,8,1,512,0,0,2,1,77990
492,2,1,5,3,8,1,512,0,4,1,1,79990
493,5,1,5,3,16,1,512,0,4,2,1,93190
494,1,1,5,3,16,3,512,0,0,2,1,94990
495,2,1,5,3,16,1,512,0,0,4,2,84990
496,7,1,5,1,8,1,512,0,0,1,1,57990
497,5,1,5,3,16,1,512,0,0,2,2,102990
498,6,1,5,3,16,1,512,0,4,2,1,99990
499,1,1,5,3,16,1,512,0,4,1,1,94990
500,5,1,5,3,16,1,512,0,0,2,2,104000
501,7,1,5,3,16,1,512,0,2,1,1,76990
502,5,1,5,3,16,1,512,0,4,2,1,90190
503,2,1,5,3,16,1,512,0,0,1,2,88488
504,7,1,5,1,16,1,512,0,4,2,1,109990
505,7,1,5,3,16,1,512,0,4,1,1,86990
506,7,1,5,3,16,3,512,0,0,2,1,89990
507,5,1,5,1,16,6,512,0,0,2,2,239759
508,1,1,5,3,16,1,512,0,2,2,1,78990
509,6,1,5,5,16,5,512,0,0,2,1,121890
510,1,1,5,5,16,6,512,0,0,2,1,85990
511,7,1,5,3,16,1,512,0,4,3,1,94990
512,5,1,5,3,16,1,512,0,4,2,1,92000
513,5,1,5,1,16,1,512,0,0,2,2,162990
514,6,1,5,3,16,3,512,0,0,2,1,135300
515,7,1,5,3,16,1,512,0,0,1,1,64990
516,2,1,5,1,16,1,512,0,0,4,1,174527
517,2,1,5,1,16,1,512,0,0,1,1,162299
518,6,1,5,1,16,1,512,0,0,2,2,109190
519,5,1,5,3,16,1,512,0,0,2,2,99999
520,7,1,5,1,16,1,512,0,2,2,1,104990
521,1,1,5,3,16,3,512,0,0,1,2,109990
522,1,1,5,5,16,5,512,0,0,2,1,99990
523,2,1,5,5,16,1,512,0,2,1,1,244801
524,1,1,5,3,16,3,512,0,0,1,1,94990
525,2,1,5,5,16,1,512,0,0,2,1,86000
526,2,1,5,1,16,1,512,0,2,1,1,162399
527,5,1,5,3,16,1,512,0,0,1,1,119599
528,2,1,5,1,16,6,512,0,0,1,1,211753
529,2,1,5,3,16,1,512,0,0,1,1,110999
531,1,1,5,5,8,6,512,0,0,2,1,81990
532,7,1,5,6,8,1,512,0,4,3,1,66990
533,7,1,5,1,16,1,1024,0,6,3,1,84990
534,1,1,5,3,16,3,1024,0,2,2,2,104990
535,1,1,5,3,16,3,1024,0,0,2,2,134990
536,1,1,5,3,16,1,1024,0,4,1,1,98990
537,5,1,5,1,16,1,1024,0,6,2,1,144690
538,1,1,5,3,16,3,1024,0,0,1,1,99990
539,7,1,5,3,16,1,1024,0,6,3,1,119990
540,1,1,5,3,16,1,1024,0,4,2,1,194990
541,1,1,5,1,16,6,1024,0,2,2,1,124990
542,6,1,5,3,16,1,1024,0,2,1,1,122410
543,5,1,5,1,16,1,1024,0,0,2,2,179990
544,7,1,5,3,16,1,1024,0,4,3,2,154990
545,2,1,5,3,16,3,1024,0,0,2,1,122990
546,1,1,5,1,16,1,1024,0,6,2,2,224990
547,7,1,5,8,16,4,1024,0,8,1,1,279990
548,5,1,5,3,16,1,1024,0,4,1,1,121990
549,5,1,5,3,16,1,1024,0,4,1,1,116990
550,2,1,5,3,16,1,1024,0,6,1,1,151098
551,7,1,5,3,16,1,1024,0,8,3,1,129990
552,5,1,5,3,16,3,1024,0,0,2,2,149999
553,7,1,5,8,16,1,1024,0,6,1,1,139990
554,3,1,5,3,16,1,1024,0,6,2,1,129990
555,5,1,5,3,16,1,1024,0,8,2,1,171990
556,6,1,5,3,16,1,1024,0,2,2,1,93955
557,1,1,5,1,16,1,1024,0,8,1,1,234990
558,5,1,5,3,16,3,1024,0,0,2,2,128500
559,2,1,5,3,16,1,1024,0,0,2,2,102990
560,1,1,5,3,16,3,1024,0,0,2,2,119990
561,1,1,5,3,16,1,1024,0,6,1,1,120980
562,1,1,5,3,16,1,1024,0,6,2,1,157249
563,2,1,5,6,16,1,1024,0,4,1,1,229900
564,1,1,5,3,16,1,1024,0,6,2,1,131500
565,1,1,5,1,16,6,1024,0,0,1,1,154990
566,1,1,5,1,16,6,1024,0,0,1,1,165990
567,2,1,5,1,16,3,1024,0,0,1,1,119990
568,1,1,5,1,16,6,1024,0,0,1,1,167990
569,5,1,5,3,16,3,1024,0,0,2,2,165000
570,4,1,5,1,16,1,1024,0,0,1,1,62990
571,2,1,5,3,16,2,1024,0,0,2,1,85990
572,5,1,5,3,16,1,1024,0,2,2,1,94990
573,5,1,5,3,16,1,1024,0,6,2,1,136990
574,2,1,5,1,16,1,1024,0,8,2,1,234990
575,3,1,5,1,16,1,2048,0,8,2,1,159990
576,1,1,5,1,16,6,2048,0,0,1,1,233990
577,1,1,5,1,16,1,0,1024,2,1,1,93990
578,5,1,5,5,16,1,128,1024,4,2,1,116941
579,7,1,5,1,8,1,256,1024,4,3,1,63990
580,1,1,5,1,16,1,256,1024,4,1,1,66990
581,1,1,5,3,16,1,256,1024,0,1,1,82500
582,3,1,5,1,16,1,256,1024,6,2,1,119990
583,7,1,5,1,16,1,256,1024,4,4,1,159990
584,1,1,5,5,16,1,256,1024,0,1,1,98912
585,3,1,5,3,16,1,512,1024,4,2,1,92990
586,3,1,5,3,16,1,512,1024,6,2,1,119990
587,3,1,6,3,32,1,1024,0,8,2,1,169990
588,3,1,6,3,16,1,1024,0,6,2,1,139990
589,7,1,6,3,16,1,1024,0,6,1,1,192990
590,1,1,6,8,16,4,1024,0,6,1,1,299990
591,1,1,6,1,16,1,1024,0,6,2,2,269990
592,1,1,6,3,16,1,1024,0,6,2,1,139990
593,2,1,6,1,16,1,1024,0,8,1,1,265998
594,1,1,6,3,16,1,3072,0,6,2,1,441990
595,7,1,2,1,8,2,0,512,4,1,1,86990
596,7,1,2,1,8,2,0,512,6,1,1,109990
597,7,1,2,1,8,2,0,512,4,1,1,109590
598,1,1,5,1,16,3,0,512,6,1,1,146490
599,8,3,7,1,8,1,256,0,0,2,1,85990
600,8,3,7,1,8,1,256,0,0,2,1,112990
601,8,3,7,1,16,1,256,0,0,2,1,104990
603,8,3,7,1,16,1,256,0,0,2,1,132990
606,8,3,7,1,16,1,512,0,0,2,1,149990
607,8,3,7,1,8,1,512,0,0,2,1,125990
608,8,3,7,1,8,1,512,0,0,2,1,103990
609,8,3,7,1,8,1,512,0,0,2,1,101990
610,8,3,7,1,8,1,512,0,0,2,1,104990
611,8,3,7,1,8,1,512,0,0,2,1,131990
612,8,3,7,1,16,1,512,0,0,2,1,128990
613,8,3,7,1,16,1,512,0,0,2,1,184990
614,8,3,7,1,16,1,512,0,0,2,1,225990
615,8,3,7,1,4,1,512,0,0,2,1,124990
617,8,3,7,1,8,1,1024,0,0,2,1,149990
618,8,3,7,1,16,1,1024,0,0,2,1,169990
619,8,3,7,1,16,1,1024,0,0,2,1,225990
620,8,3,7,1,16,1,1024,0,0,2,1,243990
621,8,3,7,1,32,1,1024,0,0,2,1,309990
623,1,1,8,2,4,3,0,512,0,1,1,45990
624,1,1,8,2,4,1,128,0,0,1,2,58100
625,1,1,8,2,8,3,256,0,0,2,2,62990
626,5,1,8,2,8,1,256,0,0,2,1,32990
627,1,1,8,2,4,1,256,0,0,2,1,33990
628,3,1,8,2,4,1,256,0,0,2,1,30990
629,6,1,8,2,4,1,256,0,0,2,1,36000
630,1,1,8,2,4,1,256,0,0,2,1,32990
631,6,1,8,2,4,1,256,0,0,2,1,35990
632,1,1,8,2,4,2,0,1024,0,1,1,27990
633,1,1,8,2,4,1,0,1024,0,2,1,25990
634,1,1,8,2,4,1,0,1024,0,2,1,25990
635,1,1,8,2,4,1,0,1024,0,1,1,30780
636,5,2,9,2,8,1,256,0,0,2,1,37990
637,1,2,9,2,8,1,256,0,0,2,1,35990
638,6,2,9,2,8,1,256,0,0,1,1,39490
639,6,2,9,2,8,1,256,0,0,1,1,36990
640,6,2,9,2,8,1,256,0,0,2,1,39990
641,1,2,9,2,4,1,256,0,0,2,1,33690
642,6,2,9,2,8,1,256,0,0,1,1,40590
643,1,2,9,2,4,1,256,0,0,2,1,37990
644,1,2,9,2,4,1,256,0,0,2,1,34500
645,3,2,9,2,8,1,512,0,0,2,1,36990
646,5,2,9,2,8,1,512,0,0,1,1,43490
647,5,2,9,2,8,1,512,0,0,2,1,41490
648,3,2,9,2,4,1,512,0,0,1,1,34990
649,5,2,9,2,4,1,512,0,0,2,1,44490
650,6,2,9,2,4,1,512,0,0,1,1,40590
651,6,2,9,2,8,1,512,0,0,1,1,42090
652,6,2,9,2,8,1,0,1024,0,2,1,35990
653,5,2,9,2,8,1,0,1024,0,2,1,39490
654,6,2,9,2,8,1,0,1024,0,1,1,37390
655,6,2,9,2,4,1,0,1024,0,2,1,52632
656,6,2,9,2,4,1,0,1024,0,2,1,39990
657,6,2,9,2,4,1,0,1024,0,2,1,43990
658,5,2,9,2,4,1,0,1024,0,2,1,32917
659,2,2,9,2,4,1,0,1024,0,1,1,34990
660,6,2,9,2,8,1,0,1024,0,1,1,39990
661,5,2,9,2,8,1,256,1024,0,2,1,41999
662,6,2,4,2,8,1,256,0,0,2,1,41990
663,6,2,4,2,8,1,256,0,0,2,1,44490
664,6,2,4,2,8,1,256,0,0,2,1,41990
665,6,2,4,2,8,1,256,0,0,2,1,44490
666,7,2,4,2,4,1,256,0,0,2,1,49990
667,6,2,4,2,4,1,256,0,0,2,1,44390
668,5,2,4,2,8,1,512,0,4,2,1,57990
669,2,2,4,2,8,1,512,0,4,2,1,56990
670,2,2,4,2,8,1,512,0,0,2,1,48990
671,5,2,4,2,8,1,512,0,0,2,1,49970
672,7,2,4,2,8,1,512,0,0,1,1,47990
673,5,2,4,2,8,1,512,0,0,2,1,48990
674,3,2,4,2,8,3,512,0,0,2,1,53990
675,2,2,4,2,8,1,512,0,0,2,1,52990
676,3,2,4,2,8,1,512,0,0,2,1,43990
677,2,2,4,2,8,1,512,0,4,1,1,59490
678,7,2,4,2,8,1,512,0,4,1,1,64990
679,6,2,4,2,8,1,512,0,0,1,1,47490
680,5,2,4,2,8,1,512,0,4,2,1,59990
681,2,2,4,2,8,1,512,0,4,1,1,69990
682,5,2,4,2,8,1,512,0,4,2,1,58990
683,6,2,4,2,8,1,512,0,0,2,1,59490
684,5,2,4,2,16,1,512,0,0,2,1,67500
685,5,2,4,2,8,1,512,0,0,1,1,48990
686,1,2,4,2,8,1,512,0,0,2,2,62450
687,1,2,4,2,8,1,512,0,0,2,1,58990
688,5,2,4,2,8,1,512,0,0,2,1,57999
689,1,2,4,2,16,1,512,0,0,1,1,56990
690,5,2,4,2,8,1,512,0,4,2,1,72990
691,5,2,4,2,16,1,512,0,0,2,1,65990
692,5,2,4,2,16,1,512,0,0,2,2,98020
693,5,2,4,2,16,1,512,0,2,2,1,63990
694,1,2,4,2,8,1,512,0,0,2,1,49890
695,6,2,4,2,8,1,512,0,0,2,1,49990
696,6,2,4,2,8,1,512,0,0,2,1,59490
697,5,2,4,2,8,1,512,0,0,2,2,73999
698,6,2,4,2,4,1,512,0,0,2,1,60990
699,6,2,4,2,4,1,512,0,6,1,1,76190
700,2,2,4,2,4,3,512,0,0,4,2,74798
701,1,2,4,2,4,1,512,0,0,2,1,58990
702,5,2,4,2,4,1,512,0,4,1,1,68100
703,2,2,4,2,4,1,512,0,0,2,2,77990
704,5,2,4,2,4,1,512,0,0,2,1,55090
705,1,2,4,2,4,3,512,0,0,1,2,91990
706,5,2,4,2,4,1,512,0,0,2,1,84208
707,3,2,4,2,4,1,512,0,0,2,1,44990
708,5,2,4,2,4,1,512,0,0,2,1,53490
709,2,2,4,2,4,1,512,0,4,1,1,76498
710,6,2,4,2,4,1,512,0,4,2,1,98920
711,7,2,4,2,4,1,512,0,0,1,1,54990
712,3,2,4,2,4,1,512,0,0,2,1,49990
713,5,2,4,2,4,1,512,0,0,1,1,52380
714,3,2,4,2,4,1,512,0,0,2,1,49990
715,5,2,4,2,4,1,512,0,0,2,1,52500
716,1,2,4,2,4,1,512,0,0,2,1,49990
717,3,2,4,2,4,1,512,0,0,2,1,75999
718,1,2,4,2,4,1,512,0,0,2,1,80990
719,2,2,4,2,4,1,512,0,0,2,1,59900
720,5,2,4,2,4,1,512,0,0,2,1,54590
721,6,2,4,2,4,1,512,0,0,2,2,75500
722,5,2,4,2,8,1,512,0,0,2,1,51890
723,1,2,4,2,16,1,512,0,0,2,1,78000
724,5,2,4,2,16,1,512,0,0,2,1,59999
725,5,2,4,2,8,1,512,0,4,2,1,64990
726,6,2,4,2,4,1,1024,0,0,1,1,57900
727,2,2,4,2,4,3,1024,0,0,4,2,81978
728,5,2,4,2,4,1,0,1024,4,2,1,59990
729,6,2,4,2,8,1,256,1024,0,1,1,49490
730,1,2,4,2,8,1,256,1024,0,2,1,54990
731,2,2,4,2,8,1,256,1024,4,1,1,68500
732,1,2,4,2,8,1,256,1024,0,2,1,54990
733,1,2,4,2,8,1,256,1024,0,2,1,54990
734,2,2,4,2,8,1,256,1024,0,2,1,63990
735,5,2,4,2,4,1,256,1024,4,2,1,80000
736,6,2,4,2,4,1,256,1024,0,1,1,51990
737,1,2,4,2,4,1,256,1024,0,2,1,62990
738,5,2,4,2,4,1,256,1024,0,2,1,52990
739,1,2,4,2,4,1,256,1024,0,2,1,75100
740,1,2,10,2,16,1,512,0,4,1,1,76990
741,1,2,10,2,16,1,512,0,4,2,1,79990
742,1,2,10,2,8,1,512,0,4,1,1,71990
743,1,2,10,2,8,1,512,0,4,1,1,71990
744,2,2,10,2,16,1,512,0,4,2,1,99990
745,1,2,10,2,16,1,512,0,0,2,1,79990
746,6,2,10,2,16,1,512,0,4,2,1,93990
747,1,2,10,2,16,1,512,0,4,1,1,82990
748,1,2,10,2,4,4,512,0,4,1,1,106990
749,1,2,10,2,4,1,512,0,0,2,1,92990
750,2,1,10,2,4,1,512,0,4,4,1,81490
751,1,2,10,2,4,1,512,0,0,2,1,56990
752,7,2,10,2,4,1,512,0,0,1,1,64990
753,2,2,10,2,4,1,512,0,0,2,1,60990
754,2,2,10,2,4,1,512,0,4,2,1,84988
755,5,2,10,2,4,1,512,0,4,2,1,90990
756,1,2,10,2,4,1,512,0,0,2,1,63990
757,2,2,10,2,4,1,512,0,0,2,1,63990
758,5,2,10,2,4,1,512,0,0,2,1,57999
759,1,2,10,2,4,1,512,0,4,1,1,72400
760,2,2,10,2,4,1,512,0,0,2,2,78990
761,3,2,10,2,4,1,512,0,0,2,1,59990
762,1,2,10,2,4,4,512,0,4,2,1,111990
763,5,2,10,2,4,1,512,0,0,1,2,109000
764,6,2,10,2,4,1,512,0,6,1,1,89990
765,2,2,10,2,4,1,512,0,0,4,2,78988
766,2,2,10,2,4,1,512,0,4,1,1,73138
767,2,2,10,2,4,1,512,0,4,2,1,106990
768,1,2,10,2,4,1,512,0,4,1,1,79990
769,6,2,10,2,4,1,512,0,0,2,2,89570
770,5,2,10,2,4,1,512,0,0,2,1,68500
771,2,2,10,2,16,1,512,0,0,2,1,73400
772,5,2,10,2,16,1,512,0,2,2,1,79990
773,5,2,10,2,16,1,512,0,4,2,1,84990
774,7,2,10,2,16,1,1024,0,8,2,1,99990
775,1,2,10,2,8,3,1024,0,4,1,1,72990
776,5,2,10,2,16,1,1024,0,0,2,2,92990
777,5,2,10,2,16,1,1024,0,0,2,1,84190
778,1,2,10,2,16,3,1024,0,0,1,2,112990
779,1,2,10,2,4,4,1024,0,4,2,1,114990
780,3,2,10,2,4,1,1024,0,4,2,1,99990
781,1,2,10,2,4,1,1024,0,4,1,1,95990
782,5,2,10,2,4,1,1024,0,8,2,1,159990
783,1,2,10,2,4,1,1024,0,0,2,1,76990
784,2,2,10,2,4,1,1024,0,6,2,1,130990
785,1,2,10,2,4,1,1024,0,0,2,1,99990
786,1,2,10,2,4,4,1024,0,4,1,1,112990
787,2,2,10,2,4,1,1024,0,0,2,1,77988
788,1,2,10,2,4,1,1024,0,0,2,1,76000
789,1,2,10,2,4,3,1024,0,4,2,2,99990
790,1,2,10,2,4,1,1024,0,0,2,1,111000
791,1,2,10,2,16,3,1024,0,0,2,1,84970
792,5,2,10,2,16,1,256,1024,4,2,1,75990
793,3,2,10,2,16,1,256,1024,6,2,1,89990
794,3,2,10,2,16,1,256,1024,4,1,1,81990
795,2,2,10,2,4,1,512,1024,0,1,1,80490
796,1,2,11,2,16,1,1024,0,6,2,1,135990
797,1,2,11,2,16,1,1024,0,0,2,1,154990
798,1,2,11,2,16,1,1024,0,8,2,1,199990
799,1,2,11,2,16,1,1024,0,4,1,1,114990
800,1,2,11,2,16,1,1024,0,6,2,1,129990
801,1,2,11,2,16,3,1024,0,4,2,2,114990
802,7,2,11,2,4,1,1024,0,0,1,1,146990
803,1,2,11,2,4,1,1024,0,0,2,1,104990
804,1,2,11,2,4,3,1024,0,4,2,2,114990
805,1,2,11,2,4,3,1024,0,4,2,2,124990
806,1,2,11,2,4,3,1024,0,0,1,2,134990
807,5,2,11,2,4,1,1024,0,8,2,1,141990
808,1,2,11,2,4,1,1024,0,0,2,1,129990
809,1,2,11,2,4,3,1024,0,4,2,2,142990
810,1,2,11,2,4,1,1024,0,0,2,1,121990
811,1,2,11,2,4,3,1024,0,4,2,2,124990
812,1,2,11,2,4,1,1024,0,6,1,1,141990
813,1,2,11,2,4,1,1024,0,4,2,1,162990
814,1,2,11,2,4,1,1024,0,0,2,1,130500
815,1,2,11,2,4,1,1024,0,4,1,1,116990
816,1,2,11,2,4,1,1024,0,6,1,1,138990
817,1,2,11,2,4,3,1024,0,4,2,2,234990
818,1,2,11,2,4,1,1024,0,0,2,1,135990
819,1,2,11,2,4,1,1024,0,0,2,1,144990
820,1,2,11,2,4,1,1024,0,4,2,1,149990
821,1,2,11,2,4,1,1024,0,4,2,1,142990
822,2,2,4,1,8,1,512,0,0,1,1,57490
